time,flow_1,flow_2,flow_3,flow_4,flow_5,flow_6,flow_7,flow_8,flow_9,flow_10,flow_11,flow_12,flow_13,flow_14,flow_15,flow_16,flow_17,flow_18,flow_19,flow_20,train or test
2022-05-08 01:00:00,29.1,9.6,47.3,25.2,2.6,44.2,6.5,0.9,2.5,1.532,2.7,1.712,1.7,1.6,1.8,3.0,4.6,3.968,2.206,0.9,train
2022-05-08 02:00:00,21.5,6.5,34.9,16.6,1.5,32.0,2.9,0.4,1.2,1.23,1.7,1.28,0.9,0.9,0.6,1.7,2.3,1.5,0.835,0.5,train
2022-05-08 03:00:00,17.0,3.4,31.0,13.9,0.9,28.8,3.2,0.3,1.3,1.01,1.1,0.807,0.5,0.4,0.3,0.4,1.4,0.988,0.554,0.3,train
2022-05-08 04:00:00,16.2,2.8,28.3,13.7,1.0,25.5,1.6,0.3,1.0,0.796,0.7,0.394,0.5,0.3,0.3,0.7,1.4,0.655,0.243,0.3,train
2022-05-08 05:00:00,17.8,4.0,30.7,15.4,1.2,29.0,2.3,0.5,1.0,0.946,1.2,0.564,1.0,0.5,0.2,0.9,1.7,1.061,0.552,0.6,train
2022-05-08 06:00:00,29.7,11.7,48.1,30.2,3.1,54.7,7.8,1.4,4.5,1.652,2.7,2.808,1.4,1.3,1.2,2.6,5.7,4.5,2.35,1.6,train
2022-05-08 07:00:00,43.9,18.2,69.0,47.5,6.2,86.8,14.3,2.3,8.2,4.164,5.2,3.572,2.0,2.6,1.8,4.2,9.0,9.052,4.692,2.6,train
2022-05-08 08:00:00,49.6,24.6,83.6,58.2,9.1,113.5,21.8,3.6,10.4,3.944,6.4,4.444,2.8,4.5,2.7,6.9,12.7,8.424,3.456,3.1,train
2022-05-08 09:00:00,54.5,28.0,73.9,64.0,8.3,124.7,22.2,4.0,10.6,4.014,8.5,5.356,3.7,5.1,3.2,7.1,13.0,7.272,3.696,4.2,train
2022-05-08 10:00:00,51.5,26.6,71.4,60.8,7.7,119.6,20.1,2.7,8.2,4.118,8.1,4.276,5.0,4.7,2.7,8.1,12.0,6.124,2.79,3.0,train
2022-05-08 11:00:00,49.6,23.9,71.1,56.0,7.4,114.7,19.3,2.8,8.1,3.502,7.9,4.136,5.0,3.6,3.0,7.6,12.2,8.828,2.614,3.3,train
2022-05-08 12:00:00,45.7,23.4,65.7,50.2,6.1,98.3,17.3,2.7,7.8,3.324,6.8,2.628,4.9,3.5,2.7,6.7,10.5,7.608,2.954,2.9,train
2022-05-08 13:00:00,74.5,19.9,58.5,43.7,5.1,85.4,15.3,2.0,6.6,2.766,5.4,2.916,4.5,3.0,2.1,5.9,8.3,7.152,1.978,2.1,train
2022-05-08 14:00:00,15.0,14.4,52.8,28.3,5.1,72.8,11.6,2.3,4.3,0.904,4.4,1.572,3.5,2.5,1.7,4.0,6.7,2.056,1.732,1.7,train
2022-05-08 15:00:00,14.7,15.0,60.7,27.9,4.4,120.8,11.2,2.3,4.8,1.112,4.1,1.684,3.1,2.1,1.4,3.6,7.4,2.564,1.6,1.5,train
2022-05-08 16:00:00,67.8,18.5,69.5,33.1,4.9,110.7,11.9,2.1,5.8,1.331,4.1,1.796,3.5,3.6,1.3,4.4,7.7,3.048,1.312,1.8,train
2022-05-08 17:00:00,18.1,22.7,76.4,50.8,5.7,95.5,15.5,2.4,7.6,2.484,5.9,2.296,3.9,3.7,2.1,5.6,8.7,5.32,2.482,2.7,train
2022-05-08 18:00:00,64.1,24.1,79.3,56.5,6.5,102.8,19.4,3.1,8.9,3.026,6.9,2.908,5.0,3.4,2.6,6.4,9.9,7.348,3.218,2.7,train
2022-05-08 19:00:00,74.5,24.6,80.1,66.2,7.8,112.0,23.7,4.3,9.6,4.21,7.7,3.788,4.8,3.6,2.7,7.5,11.1,9.648,4.628,3.2,train
2022-05-08 20:00:00,46.9,37.1,119.9,63.6,10.4,141.4,30.5,5.4,13.7,6.386,11.1,6.372,6.4,6.2,3.8,10.8,17.1,14.1,6.632,3.4,train
2022-05-08 21:00:00,106.3,52.1,145.6,89.2,13.1,203.8,43.6,5.9,19.5,7.688,13.6,9.416,6.6,10.6,5.1,13.4,22.2,19.36,8.446,5.1,train
2022-05-08 22:00:00,69.6,49.1,142.8,83.4,10.9,183.8,35.8,5.5,18.2,7.528,14.2,10.028,6.7,9.6,5.7,12.2,23.0,17.276,8.082,5.3,train
2022-05-08 23:00:00,53.5,32.2,103.6,92.0,7.4,117.2,23.0,3.4,9.0,4.972,9.7,5.724,4.4,5.9,3.2,8.8,15.1,11.896,5.024,4.2,train
2022-05-09 00:00:00,33.7,15.9,63.2,60.7,3.1,64.2,10.7,1.0,4.1,2.206,5.2,2.444,2.5,2.9,2.8,4.4,7.6,5.6,2.07,2.3,train
2022-05-09 01:00:00,23.8,7.2,38.5,20.7,2.8,38.3,4.7,0.6,1.8,1.037,2.5,1.26,1.5,1.8,0.8,2.8,3.2,3.968,1.384,0.8,train
2022-05-09 02:00:00,18.8,5.3,32.7,15.7,1.2,28.0,2.4,0.5,1.5,1.23,1.1,0.841,1.2,0.5,1.0,1.8,2.4,1.5,0.576,1.3,train
2022-05-09 03:00:00,15.9,3.4,29.2,13.9,0.8,26.5,1.7,0.3,1.3,1.01,0.9,0.381,0.6,0.2,0.2,0.6,2.1,0.6,0.214,0.8,train
2022-05-09 04:00:00,17.5,2.8,28.6,12.8,1.1,25.5,1.4,0.4,1.1,0.796,0.8,0.394,0.4,0.3,0.1,0.6,1.8,0.792,0.243,0.7,train
2022-05-09 05:00:00,21.2,4.6,32.0,18.3,1.5,31.0,2.9,0.5,1.8,0.22,1.1,0.564,0.6,0.6,0.4,1.3,2.8,1.348,0.552,0.7,train
2022-05-09 06:00:00,40.4,15.9,61.0,45.5,5.8,80.3,13.9,2.3,8.4,1.652,4.9,2.808,2.2,2.5,2.5,4.1,8.1,4.5,2.35,1.8,train
2022-05-09 07:00:00,53.0,26.5,90.2,64.4,8.4,124.0,23.3,4.1,10.7,4.164,7.9,3.572,3.2,4.5,3.1,6.1,14.1,9.052,4.692,3.7,train
2022-05-09 08:00:00,50.9,26.7,95.0,60.3,7.6,119.2,18.4,2.7,8.5,3.944,6.7,4.444,2.9,4.4,3.3,5.4,13.4,8.424,3.456,3.6,train
2022-05-09 09:00:00,47.4,22.5,87.2,51.0,6.5,92.2,15.1,2.1,5.7,4.014,6.7,5.356,2.4,3.2,2.2,4.8,9.5,7.272,3.696,3.5,train
2022-05-09 10:00:00,44.3,19.5,76.5,46.8,5.2,92.8,12.7,1.3,5.8,4.118,5.8,4.276,2.4,2.9,1.4,4.0,7.4,6.124,2.79,2.3,train
2022-05-09 11:00:00,43.3,19.5,75.1,45.1,5.3,90.8,11.8,2.1,5.7,3.502,5.7,4.136,3.0,3.0,1.9,4.8,8.5,6.316,2.614,3.0,train
2022-05-09 12:00:00,41.5,20.1,75.2,44.2,4.8,97.4,12.0,2.3,5.3,3.324,6.0,2.628,3.1,2.6,1.7,3.8,9.0,6.664,2.954,3.0,train
2022-05-09 13:00:00,32.9,16.7,63.4,36.7,4.4,74.3,10.0,1.9,5.0,1.64,4.6,2.916,2.8,2.4,1.1,3.8,6.2,4.34,1.978,2.2,train
2022-05-09 14:00:00,26.0,12.5,56.4,22.2,3.2,111.3,6.4,1.0,3.9,0.904,2.7,1.572,2.3,1.7,0.8,2.5,4.6,2.056,1.732,2.0,train
2022-05-09 15:00:00,27.9,11.5,55.9,22.5,2.9,88.2,7.0,1.2,3.7,1.112,2.8,1.684,2.4,1.3,1.4,1.9,4.0,2.564,1.6,2.0,train
2022-05-09 16:00:00,32.8,12.3,60.1,26.6,3.5,68.8,7.8,1.6,3.6,1.331,4.1,1.796,3.2,1.4,1.2,2.5,4.9,3.048,1.312,1.8,train
2022-05-09 17:00:00,42.7,17.4,70.9,43.6,4.2,86.0,11.6,2.6,6.6,2.123,5.3,2.296,3.7,2.0,1.6,3.6,6.6,5.32,1.998,2.4,train
2022-05-09 18:00:00,51.1,23.3,80.9,59.0,6.0,101.7,16.1,2.7,7.5,2.744,7.4,2.908,4.2,3.2,1.7,6.0,11.1,7.348,3.042,2.9,train
2022-05-09 19:00:00,57.6,29.6,93.7,70.2,6.2,117.3,20.3,3.5,10.0,3.482,8.4,4.208,4.9,3.9,2.3,8.5,12.2,9.492,4.084,3.3,train
2022-05-09 20:00:00,68.2,35.6,109.4,66.2,9.0,144.7,30.1,4.5,11.5,3.92,10.2,5.796,4.8,6.4,3.8,10.2,15.8,13.44,5.16,3.3,train
2022-05-09 21:00:00,70.8,48.3,140.5,86.9,12.0,196.5,41.3,5.2,19.5,8.144,14.5,10.188,6.5,9.3,5.2,12.9,22.1,17.04,8.28,5.7,train
2022-05-09 22:00:00,127.8,46.2,138.1,82.5,12.2,174.0,37.4,5.5,18.1,8.18,14.2,9.096,7.6,8.1,5.4,13.3,23.5,17.248,7.524,6.4,train
2022-05-09 23:00:00,53.4,30.0,99.9,90.9,8.0,108.2,25.0,4.4,9.9,4.734,8.5,5.56,5.2,6.1,3.7,8.4,15.3,12.072,5.176,4.8,train
2022-05-10 00:00:00,34.3,15.9,62.8,57.4,4.3,64.0,12.6,1.4,3.7,1.896,4.9,2.64,2.9,3.1,2.2,5.7,8.3,5.6,2.5,2.3,train
2022-05-10 01:00:00,23.3,6.2,40.7,22.0,2.1,36.8,5.5,0.5,2.3,0.653,2.7,1.48,0.9,1.7,1.6,2.1,3.1,3.968,1.6,1.3,train
2022-05-10 02:00:00,18.2,3.7,32.0,17.7,1.2,28.2,3.1,0.3,0.9,0.377,1.1,0.731,0.7,0.5,1.0,1.1,1.3,1.5,0.837,0.9,train
2022-05-10 03:00:00,16.2,3.2,28.5,13.6,1.1,25.0,2.0,0.4,1.0,0.156,0.9,0.237,0.4,0.8,1.0,0.6,0.9,0.6,0.362,0.7,train
2022-05-10 04:00:00,16.1,2.4,27.1,13.3,1.0,24.8,1.5,0.3,0.7,0.796,0.7,0.394,0.4,1.2,1.1,0.6,0.8,0.792,0.243,0.9,train
2022-05-10 05:00:00,21.0,5.0,31.7,17.6,1.7,31.8,2.6,0.7,1.9,0.22,1.0,0.564,0.8,0.9,1.3,1.1,2.4,1.378,0.552,1.3,train
2022-05-10 06:00:00,37.7,15.8,59.3,46.3,5.5,79.4,13.1,2.5,7.2,1.652,4.2,2.808,2.1,2.8,3.1,4.7,7.5,4.304,2.35,2.2,train
2022-05-10 07:00:00,56.8,27.2,93.7,63.5,9.2,123.8,22.4,4.1,11.7,4.164,7.8,5.224,3.4,5.2,3.9,6.8,14.8,8.824,4.692,3.5,train
2022-05-10 08:00:00,49.5,25.2,91.2,61.2,7.7,119.2,18.1,2.3,8.1,3.944,7.5,5.624,2.9,3.8,2.7,5.7,13.2,9.604,3.456,2.9,train
2022-05-10 09:00:00,48.9,20.9,87.0,51.3,5.5,106.3,14.9,2.3,6.4,3.56,6.0,3.24,2.7,3.4,2.2,4.7,9.9,7.056,3.696,2.9,train
2022-05-10 10:00:00,46.1,20.0,76.6,46.5,4.7,89.5,13.0,2.1,5.0,2.522,4.8,2.996,2.9,2.6,2.2,4.8,8.4,6.26,2.79,2.3,train
2022-05-10 11:00:00,45.1,18.5,73.4,44.7,5.0,89.5,12.7,2.0,5.5,2.242,5.2,2.52,3.3,3.2,1.8,4.6,8.0,5.676,2.614,2.8,train
2022-05-10 12:00:00,40.9,18.3,73.1,46.2,4.6,93.7,12.1,2.3,5.8,2.152,5.5,2.628,3.9,2.4,1.8,3.9,7.8,5.284,2.954,3.1,train
2022-05-10 13:00:00,35.2,15.5,60.9,35.1,3.6,71.8,9.1,1.6,4.7,1.359,4.2,2.216,3.3,1.9,1.1,3.2,6.3,4.32,1.558,2.4,train
2022-05-10 14:00:00,31.4,10.3,53.4,20.6,1.9,57.2,6.3,0.9,3.0,0.892,2.0,1.276,2.3,1.2,0.7,1.9,4.1,3.051,1.61,2.1,train
2022-05-10 15:00:00,28.6,10.8,54.7,19.9,2.3,61.3,5.8,1.0,3.3,0.67,2.6,1.816,2.5,1.3,0.7,2.1,4.3,2.847,1.256,1.6,train
2022-05-10 16:00:00,33.3,11.9,60.7,25.4,3.4,70.7,7.4,1.1,4.0,1.435,3.3,1.556,3.2,1.1,1.1,2.6,4.6,3.748,1.332,1.9,train
2022-05-10 17:00:00,50.0,18.0,70.6,40.7,5.2,91.0,12.3,1.7,5.6,1.87,4.6,2.024,2.9,2.2,1.5,3.5,7.4,5.032,2.532,2.5,train
2022-05-10 18:00:00,51.7,24.2,83.1,59.7,6.7,103.8,18.4,3.0,8.7,3.352,7.7,3.732,4.7,3.6,1.9,5.9,10.3,7.672,3.812,2.5,train
2022-05-10 19:00:00,63.8,26.8,100.1,73.8,7.6,123.8,22.9,3.7,10.5,3.592,8.6,4.164,5.5,5.1,2.7,8.5,13.7,9.832,4.506,2.8,train
2022-05-10 20:00:00,70.6,39.3,121.0,72.8,10.8,159.4,28.2,4.9,13.9,5.762,12.8,6.984,6.6,6.0,3.8,10.8,17.8,13.96,6.812,3.6,train
2022-05-10 21:00:00,71.4,51.5,143.4,86.0,12.5,194.3,41.2,6.1,17.5,7.762,14.8,9.256,5.6,9.3,5.1,12.6,25.0,17.176,8.184,4.9,train
2022-05-10 22:00:00,122.3,42.7,133.2,80.6,10.8,165.0,36.0,6.1,15.8,6.516,13.7,8.564,5.1,9.0,4.8,13.0,21.0,16.66,7.964,6.6,train
2022-05-10 23:00:00,52.4,26.5,94.9,87.7,6.3,99.5,21.6,2.7,8.4,4.588,8.4,5.556,4.6,5.7,2.8,8.5,14.2,10.228,4.228,3.2,train
2022-05-11 00:00:00,19.5,14.7,58.9,54.8,4.1,58.8,9.9,1.0,3.4,2.31,4.2,3.356,2.6,2.3,1.9,3.8,6.7,5.6,2.5,2.4,train
2022-05-11 01:00:00,17.9,6.7,37.7,19.7,2.9,35.0,4.7,0.6,2.3,0.904,2.6,1.464,0.9,1.0,0.6,2.3,2.9,2.416,1.6,1.1,train
2022-05-11 02:00:00,17.1,4.4,32.4,16.6,2.1,29.4,2.8,0.2,1.2,0.385,1.7,0.552,0.9,0.4,0.7,1.1,1.4,1.1,0.837,0.2,train
2022-05-11 03:00:00,16.3,2.5,29.7,13.2,1.4,24.8,1.6,0.4,1.3,0.322,1.1,0.34,0.6,0.3,0.1,0.6,1.1,0.523,0.348,0.2,train
2022-05-11 04:00:00,15.5,2.9,28.0,12.7,1.3,24.2,1.5,0.2,0.8,0.212,0.8,0.292,0.4,0.3,0.2,0.6,1.2,0.719,0.241,0.0,train
2022-05-11 05:00:00,16.0,5.0,32.0,17.0,1.6,32.0,2.4,0.5,1.6,0.301,1.2,0.572,0.6,0.5,0.7,1.1,2.0,1.102,0.616,0.8,train
2022-05-11 06:00:00,28.6,14.4,58.8,43.3,5.0,78.3,12.4,2.2,6.9,1.652,4.3,2.808,2.1,2.5,2.2,4.0,7.6,4.356,2.35,2.0,train
2022-05-11 07:00:00,56.6,23.8,86.8,60.1,8.9,116.0,20.1,3.6,9.5,4.228,7.0,4.384,6.0,3.7,2.9,7.2,12.6,8.78,4.488,3.3,train
2022-05-11 08:00:00,52.0,24.0,88.8,54.1,7.7,108.7,18.1,2.2,7.4,3.622,6.5,4.316,3.3,3.9,2.4,5.0,11.6,8.46,3.776,2.8,train
2022-05-11 09:00:00,45.4,19.5,81.5,50.2,4.7,84.0,13.6,1.5,5.3,2.79,5.4,3.752,2.4,3.3,2.1,4.7,9.8,6.604,3.322,2.8,train
2022-05-11 10:00:00,40.5,18.1,70.9,43.1,4.3,85.3,12.4,1.6,5.2,1.764,4.4,2.98,2.1,2.5,1.4,4.5,7.1,5.192,2.35,2.6,train
2022-05-11 11:00:00,40.6,17.4,69.6,42.0,4.3,84.7,12.8,1.7,4.8,2.006,4.9,2.576,2.8,2.4,1.8,4.7,7.0,5.072,2.412,2.7,train
2022-05-11 12:00:00,39.8,19.3,72.6,45.5,4.3,91.8,12.5,1.9,5.5,1.946,5.2,2.32,3.0,2.1,2.0,4.1,7.6,5.664,2.51,3.1,train
2022-05-11 13:00:00,32.7,15.9,60.4,32.4,3.9,68.0,8.5,1.5,4.4,1.115,3.9,1.96,1.9,1.9,1.1,3.6,5.6,3.28,2.082,2.2,train
2022-05-11 14:00:00,26.7,10.2,51.3,18.8,3.3,54.8,5.2,0.7,2.6,1.294,2.4,1.252,3.1,1.4,1.0,2.9,4.0,2.464,1.364,1.9,train
2022-05-11 15:00:00,25.2,10.4,54.2,18.3,3.1,62.0,5.7,0.9,2.7,0.938,2.8,1.4,2.7,1.2,1.1,2.6,3.9,2.456,1.258,1.1,train
2022-05-11 16:00:00,30.8,13.0,59.0,26.5,3.1,69.0,7.4,1.3,4.0,1.54,2.7,1.644,2.5,1.4,1.2,3.4,5.2,3.424,1.326,1.4,train
2022-05-11 17:00:00,43.4,19.2,73.5,46.5,4.9,86.7,12.6,1.4,5.9,2.312,4.9,2.436,3.3,2.7,1.7,4.1,6.9,6.696,2.082,2.5,train
2022-05-11 18:00:00,47.2,25.1,82.8,56.2,5.9,100.7,16.7,2.4,8.2,2.574,7.0,3.388,3.8,3.3,2.2,6.3,10.6,7.64,2.86,2.6,train
2022-05-11 19:00:00,58.0,27.7,96.0,71.1,7.4,122.0,21.1,2.9,9.8,3.134,8.3,5.336,4.5,3.8,3.1,7.6,13.1,9.904,3.886,3.4,train
2022-05-11 20:00:00,67.8,38.7,116.1,66.7,9.8,146.0,25.8,4.3,11.8,4.808,11.8,6.92,5.9,6.0,3.5,10.2,15.8,13.964,5.876,3.4,train
2022-05-11 21:00:00,70.0,42.6,133.3,84.0,11.5,183.3,38.2,5.2,16.5,7.988,13.6,8.66,5.4,9.3,3.8,12.7,21.6,16.328,7.352,4.7,train
2022-05-11 22:00:00,69.2,42.6,131.0,80.5,10.6,164.5,35.7,5.2,15.7,7.78,13.4,7.8,6.4,8.5,4.6,10.9,22.8,15.884,8.112,5.8,train
2022-05-11 23:00:00,53.5,28.9,100.4,89.0,7.5,111.0,24.8,2.9,9.7,4.48,8.7,5.752,4.6,6.4,4.0,9.7,13.6,10.352,4.952,3.8,train
2022-05-12 00:00:00,30.5,16.1,65.2,48.0,4.0,61.0,10.5,1.7,4.1,2.31,4.1,3.356,2.7,3.0,1.8,5.6,6.3,4.808,2.512,2.0,train
2022-05-12 01:00:00,20.0,6.6,38.6,20.6,2.2,37.2,3.5,0.7,2.0,0.904,1.9,1.464,1.2,1.5,1.1,2.9,3.4,2.44,1.764,0.8,train
2022-05-12 02:00:00,15.7,4.1,33.9,16.0,0.9,29.6,2.5,0.3,1.4,0.385,0.9,0.552,1.1,0.4,0.5,1.5,2.1,1.019,1.252,0.6,train
2022-05-12 03:00:00,14.4,3.1,30.6,12.9,1.0,25.0,2.0,0.3,1.4,0.126,1.0,0.34,0.6,0.2,0.3,1.1,0.9,0.59,1.29,0.3,train
2022-05-12 04:00:00,14.1,2.4,29.9,12.6,0.9,24.2,1.5,0.3,1.0,0.212,0.6,0.292,0.7,0.3,0.1,0.5,0.7,0.719,0.241,0.2,train
2022-05-12 05:00:00,18.4,3.2,32.6,14.7,1.1,28.0,2.0,0.6,1.4,0.301,0.9,0.523,0.6,0.4,0.2,0.7,1.6,1.102,0.616,0.9,train
2022-05-12 06:00:00,31.0,9.9,49.6,32.0,3.5,57.0,7.7,1.3,4.7,1.652,3.1,1.828,1.4,1.9,1.6,2.1,4.9,4.356,2.35,1.4,train
2022-05-12 07:00:00,44.0,20.3,72.3,51.4,6.7,92.0,17.0,2.9,9.3,4.228,5.6,3.544,2.6,3.3,2.6,6.0,9.8,8.78,4.488,2.6,train
2022-05-12 08:00:00,49.1,23.6,84.1,56.2,7.3,110.5,19.8,2.3,9.2,3.622,6.2,3.86,2.9,3.8,3.0,5.9,11.6,8.46,3.776,2.9,train
2022-05-12 09:00:00,48.3,23.4,86.8,51.0,6.1,100.5,16.2,2.4,8.1,3.388,6.6,4.212,2.3,3.4,2.7,5.6,11.0,6.604,3.322,3.0,train
2022-05-12 10:00:00,43.5,19.0,78.0,53.7,5.0,86.8,13.1,1.8,7.3,2.48,5.7,3.124,1.9,3.2,1.3,5.5,9.6,5.192,2.35,2.7,train
2022-05-12 11:00:00,45.9,20.4,72.1,45.0,5.3,88.0,13.5,2.2,6.0,2.142,5.5,2.963,2.2,3.0,1.9,5.1,9.1,5.072,2.412,2.7,train
2022-05-12 12:00:00,44.1,19.1,74.5,47.6,5.0,89.4,14.9,1.9,5.9,2.182,5.2,2.32,3.0,2.1,2.0,4.1,7.6,5.664,2.51,2.9,train
2022-05-12 13:00:00,36.9,17.0,60.5,38.0,3.8,73.3,10.8,1.5,4.9,1.42,3.9,1.96,1.9,1.9,1.1,3.6,5.6,3.28,2.082,2.3,train
2022-05-12 14:00:00,27.8,11.9,0.0,23.5,3.1,57.0,7.6,0.7,3.3,1.472,2.4,1.252,3.1,1.4,1.0,2.9,4.0,2.464,1.364,2.3,train
2022-05-12 15:00:00,27.5,11.9,84.1,23.3,2.9,61.5,6.6,0.9,3.7,0.964,2.8,0.006,2.7,1.2,1.1,2.6,3.9,2.456,1.258,1.7,train
2022-05-12 16:00:00,33.3,14.2,165.0,26.7,4.0,69.0,9.0,1.3,4.1,0.999,2.7,0.003,2.5,1.4,1.2,3.4,5.2,3.424,1.326,1.5,train
2022-05-12 17:00:00,42.7,21.3,83.9,45.0,5.7,87.8,13.7,1.4,5.8,2.924,4.9,3.735,3.3,2.7,1.7,4.1,6.9,6.696,2.336,2.0,train
2022-05-12 18:00:00,48.8,26.1,84.5,61.5,6.1,102.4,16.6,2.4,8.2,3.496,7.0,5.909,3.8,3.3,2.2,6.3,10.6,7.64,3.496,2.8,train
2022-05-12 19:00:00,61.3,31.2,102.1,75.7,8.1,130.6,23.3,3.0,10.5,3.04,9.0,5.284,4.6,4.5,3.0,7.8,13.9,10.992,4.252,2.9,train
2022-05-12 20:00:00,76.7,41.0,123.6,69.3,9.2,152.2,30.7,3.4,14.4,4.848,10.2,7.68,5.1,6.5,4.2,10.5,19.2,14.592,6.672,3.9,train
2022-05-12 21:00:00,115.9,46.2,133.9,81.0,10.6,170.8,37.0,5.2,15.9,7.328,12.5,8.46,6.2,9.2,5.2,12.9,23.0,16.672,6.856,3.8,train
2022-05-12 22:00:00,113.1,41.5,122.2,78.4,9.9,153.7,32.4,4.6,13.3,6.154,14.0,8.936,5.7,8.0,4.7,11.8,21.2,14.256,7.32,5.1,train
2022-05-12 23:00:00,101.6,29.8,96.0,88.1,6.9,108.7,21.9,2.9,9.3,3.686,8.3,5.416,4.2,5.6,3.0,9.1,13.2,10.5,4.072,3.2,train
2022-05-13 00:00:00,59.1,15.2,63.2,45.8,3.5,68.0,11.7,1.6,4.4,2.31,4.4,2.916,2.8,3.8,2.4,4.1,7.1,4.876,2.136,2.2,train
2022-05-13 01:00:00,24.8,7.9,39.8,22.7,1.8,38.3,4.6,0.3,2.5,0.904,2.5,1.364,1.4,1.4,0.9,2.4,3.3,2.494,0.858,0.9,train
2022-05-13 02:00:00,20.1,3.8,33.9,15.3,1.5,29.3,2.0,0.3,1.3,0.385,1.5,0.616,0.8,0.3,0.6,1.1,1.8,1.257,0.64,0.3,train
2022-05-13 03:00:00,18.9,3.3,29.0,13.4,0.9,25.2,1.7,0.4,1.2,0.126,1.3,0.856,0.6,0.2,0.5,0.9,1.1,0.836,0.814,0.2,train
2022-05-13 04:00:00,17.0,2.6,28.1,13.2,1.0,24.2,1.7,0.4,1.1,0.212,0.7,0.568,0.5,0.3,0.3,0.6,0.9,0.784,0.482,0.3,train
2022-05-13 05:00:00,20.6,3.7,29.9,14.9,1.1,27.6,2.5,0.5,1.9,0.346,1.1,0.644,0.8,0.4,0.7,0.7,1.9,1.013,0.434,0.6,train
2022-05-13 06:00:00,31.9,10.7,46.5,32.3,2.9,54.2,7.8,1.4,4.6,1.248,2.7,1.828,1.4,2.1,1.5,2.1,5.1,2.711,2.35,1.2,train
2022-05-13 07:00:00,44.6,20.8,76.3,52.0,7.4,97.2,18.2,3.0,8.9,3.154,6.0,3.544,2.7,3.5,2.5,5.4,11.0,7.364,4.488,2.3,train
2022-05-13 08:00:00,55.0,26.2,91.3,61.3,8.0,115.8,19.7,3.1,9.4,3.622,7.2,3.86,3.4,4.4,3.2,5.8,12.6,8.378,3.776,3.4,train
2022-05-13 09:00:00,98.7,27.8,89.8,55.3,6.5,113.5,17.2,2.7,8.0,3.388,7.3,4.212,2.8,3.9,2.1,5.9,11.6,8.222,3.322,4.1,train
2022-05-13 10:00:00,49.2,24.7,83.4,51.6,5.5,97.7,15.1,2.0,6.8,2.48,6.7,3.124,2.4,3.4,2.3,5.3,10.8,7.704,2.35,3.2,train
2022-05-13 11:00:00,45.4,20.3,80.5,44.7,5.2,91.6,15.0,1.9,7.3,2.142,5.8,3.16,3.3,3.4,2.1,6.0,9.0,6.773,2.412,3.3,train
2022-05-13 12:00:00,44.8,22.1,80.2,49.7,5.5,94.7,14.8,2.4,7.2,2.182,5.6,2.32,3.5,3.6,1.8,5.4,10.3,6.213,2.51,2.8,train
2022-05-13 13:00:00,40.0,17.3,68.9,39.3,4.1,80.7,11.2,2.2,4.8,1.42,4.5,1.96,3.3,2.3,1.6,4.5,8.4,5.146,2.082,2.7,train
2022-05-13 14:00:00,31.6,12.3,58.8,24.0,2.3,63.6,7.6,1.5,3.7,1.472,2.8,1.252,2.6,1.5,1.6,3.2,5.7,3.887,1.364,2.2,train
2022-05-13 15:00:00,31.7,12.5,60.6,23.3,3.7,62.0,7.9,1.3,2.9,0.964,3.4,0.006,2.6,1.3,1.7,2.3,5.7,3.711,1.976,1.9,train
2022-05-13 16:00:00,36.9,14.6,62.1,29.5,3.5,73.2,8.6,1.9,3.7,0.999,3.2,0.003,2.9,2.0,1.1,3.1,5.3,4.723,2.189,2.0,train
2022-05-13 17:00:00,44.7,19.2,71.1,44.5,5.1,83.8,13.3,2.2,7.3,2.924,4.5,2.808,3.0,2.6,2.2,4.3,7.9,6.617,2.56,2.4,train
2022-05-13 18:00:00,51.3,24.5,85.5,60.7,6.4,102.4,16.7,3.2,8.7,3.496,6.3,3.735,3.9,3.5,2.8,6.3,11.8,7.036,3.496,2.5,train
2022-05-13 19:00:00,61.4,28.3,95.8,74.9,7.6,123.3,21.6,3.4,10.9,3.686,8.4,4.609,4.4,4.4,3.0,8.0,13.0,9.417,4.252,3.1,train
2022-05-13 20:00:00,70.2,33.0,113.1,67.0,9.1,142.7,25.8,3.6,11.4,4.848,9.4,6.668,4.5,5.9,3.6,10.0,14.8,12.066,6.672,3.6,train
2022-05-13 21:00:00,70.8,42.6,129.1,82.0,10.4,163.0,34.3,4.2,14.9,7.328,12.9,8.406,5.1,8.1,4.0,10.8,20.4,13.877,6.856,4.6,train
2022-05-13 22:00:00,69.2,43.0,125.1,79.5,10.6,158.6,32.7,5.4,13.2,6.154,12.3,8.936,5.2,8.4,4.2,10.0,19.8,14.116,7.32,5.5,train
2022-05-13 23:00:00,55.8,31.2,96.3,94.3,7.9,113.7,24.6,3.8,9.8,3.686,9.3,5.416,4.5,5.9,3.0,9.5,14.6,11.504,4.072,3.1,train
2022-05-14 00:00:00,39.8,18.9,65.7,53.6,3.9,69.5,13.7,1.7,5.6,2.31,4.9,2.916,3.0,3.4,1.6,5.5,8.9,5.816,2.136,1.9,train
2022-05-14 01:00:00,27.2,9.5,47.4,27.1,2.6,41.5,6.0,0.5,2.7,1.037,3.4,1.364,1.5,1.9,0.8,3.2,4.4,3.171,0.858,1.2,train
2022-05-14 02:00:00,19.0,6.3,34.6,19.1,1.5,30.0,3.0,0.5,1.9,0.385,2.2,0.616,0.7,1.0,0.8,1.8,2.3,2.274,0.64,0.9,train
2022-05-14 03:00:00,15.3,4.1,31.4,14.2,1.3,26.7,2.1,0.2,1.2,0.126,1.3,0.856,0.5,0.6,0.4,0.7,1.2,0.717,0.814,0.2,train
2022-05-14 04:00:00,13.3,3.5,30.5,13.3,0.9,24.8,2.1,0.3,1.0,0.212,1.1,0.568,0.9,0.2,0.3,0.7,1.0,1.016,0.482,0.3,train
2022-05-14 05:00:00,16.3,4.0,32.0,16.0,1.1,26.0,2.4,0.5,1.5,0.346,1.5,0.644,0.9,0.4,0.3,0.7,2.0,0.845,0.294,0.7,train
2022-05-14 06:00:00,27.4,9.4,43.9,26.9,2.4,48.8,6.3,1.2,4.0,1.248,2.7,1.828,1.6,1.3,1.4,2.5,4.6,2.711,1.115,1.0,train
2022-05-14 07:00:00,42.0,18.4,65.0,41.6,5.1,81.4,13.2,1.9,7.3,3.154,5.2,3.544,2.2,2.3,1.8,4.6,7.7,7.364,2.448,1.9,train
2022-05-14 08:00:00,52.0,26.5,84.6,60.5,8.2,114.0,20.4,3.9,9.8,3.622,7.0,3.86,3.3,4.1,2.6,5.2,12.4,8.378,3.776,2.7,train
2022-05-14 09:00:00,54.5,26.2,96.2,64.1,9.5,122.6,21.1,3.5,10.0,3.388,7.7,4.212,3.3,4.4,3.7,5.8,12.3,8.94,3.322,3.9,train
2022-05-14 10:00:00,52.0,25.8,91.8,60.4,8.2,115.7,19.6,3.9,8.6,2.48,6.8,3.124,3.3,3.5,3.0,6.8,12.5,8.284,2.35,2.8,train
2022-05-14 11:00:00,52.1,25.0,92.8,54.0,7.4,118.0,20.5,4.3,8.2,2.142,8.3,3.16,4.6,4.1,2.2,7.4,12.1,9.272,2.412,3.7,train
2022-05-14 12:00:00,50.5,25.2,88.4,55.5,7.7,109.5,18.5,3.0,7.9,2.182,7.6,2.32,5.0,4.3,2.8,6.4,11.1,9.148,2.51,3.0,train
2022-05-14 13:00:00,44.3,22.6,80.1,45.5,6.3,95.5,14.9,2.4,6.7,2.64,6.0,3.564,3.6,3.3,2.1,5.1,9.3,7.188,3.76,2.5,train
2022-05-14 14:00:00,33.0,16.0,65.7,28.3,4.5,75.0,10.6,1.3,4.3,1.792,4.2,2.096,3.1,2.2,1.8,3.4,6.8,5.468,2.776,1.7,train
2022-05-14 15:00:00,29.1,14.5,62.0,26.9,4.1,70.3,10.3,1.4,4.7,1.52,3.8,1.872,2.6,1.6,1.6,3.6,5.7,4.66,1.952,1.6,train
2022-05-14 16:00:00,36.5,15.0,67.6,30.8,4.4,77.4,11.0,1.7,5.6,1.832,4.0,1.992,3.1,2.3,1.6,4.1,7.5,5.272,2.184,2.0,train
2022-05-14 17:00:00,45.3,20.2,77.7,46.5,5.1,93.8,14.0,2.1,6.6,2.788,6.4,2.424,3.5,2.9,2.1,4.6,9.8,7.344,2.872,2.7,train
2022-05-14 18:00:00,48.8,22.4,81.0,58.3,6.3,101.8,17.5,3.0,8.3,2.88,6.9,2.92,3.8,3.3,2.0,6.1,12.8,8.408,3.888,3.1,train
2022-05-14 19:00:00,54.4,27.2,90.7,66.5,7.8,113.7,21.8,3.2,9.6,3.284,7.5,4.28,4.3,4.1,2.6,7.9,13.4,8.66,4.67,3.2,train
2022-05-14 20:00:00,66.6,32.1,102.5,59.0,9.1,139.7,28.0,4.0,11.3,4.068,8.9,5.488,5.1,5.7,3.3,8.1,14.4,13.188,6.008,3.5,train
2022-05-14 21:00:00,70.5,47.1,124.1,80.7,11.7,176.3,33.7,4.9,14.3,6.242,12.0,7.872,5.2,8.0,4.6,11.8,20.0,15.5,5.73,4.4,train
2022-05-14 22:00:00,70.7,47.3,136.2,81.6,10.3,167.3,36.0,5.3,14.3,7.442,14.0,9.704,5.1,8.3,4.3,12.1,20.7,15.232,6.424,5.4,train
2022-05-14 23:00:00,59.0,35.3,113.6,94.6,7.7,116.0,25.3,3.8,10.6,5.9,10.5,5.848,5.3,6.3,2.7,8.8,14.5,10.636,5.388,4.4,train
2022-05-15 00:00:00,38.1,21.1,69.4,54.4,4.9,72.2,13.2,1.8,7.0,2.968,5.7,2.916,2.8,3.2,2.5,6.3,7.6,5.816,3.504,2.0,train
2022-05-15 01:00:00,28.0,12.1,45.1,26.2,2.2,42.5,7.9,1.1,3.2,1.039,4.1,1.98,1.7,2.1,1.7,3.4,4.7,3.171,1.212,1.3,train
2022-05-15 02:00:00,22.0,6.5,37.4,19.7,1.2,32.7,3.5,0.6,1.6,0.385,2.1,1.032,0.7,0.9,0.6,1.9,3.1,2.274,0.533,0.7,train
2022-05-15 03:00:00,19.2,5.3,32.6,14.4,1.2,27.0,2.4,0.2,1.5,0.126,1.3,0.385,0.8,0.3,0.2,0.7,2.2,1.067,0.587,0.2,train
2022-05-15 04:00:00,16.5,4.1,29.6,12.4,0.9,25.6,1.8,0.5,1.4,0.212,1.0,0.381,0.6,0.4,0.2,0.8,1.2,1.016,0.442,0.1,train
2022-05-15 05:00:00,18.2,4.3,29.8,14.3,1.5,26.0,2.1,0.5,1.3,0.346,1.4,0.41,0.8,0.2,0.8,0.7,1.5,0.845,0.364,0.4,train
2022-05-15 06:00:00,28.1,9.0,42.0,24.2,2.5,45.0,5.5,0.9,3.2,1.248,2.1,1.555,1.7,1.2,1.1,1.8,3.5,2.711,1.115,2.7,train
2022-05-15 07:00:00,37.1,16.2,60.0,37.5,4.2,74.7,11.3,1.6,6.3,3.154,4.0,2.588,2.1,2.0,1.7,2.7,6.7,7.364,2.448,1.5,train
2022-05-15 08:00:00,43.9,23.5,77.5,53.1,7.0,103.0,17.9,2.8,8.3,3.622,6.6,4.656,2.2,3.9,2.7,5.4,10.9,8.378,3.776,2.5,train
2022-05-15 09:00:00,51.7,28.0,93.0,63.5,8.3,104.5,20.7,3.7,9.7,3.388,7.3,5.032,3.0,4.7,3.2,7.4,12.3,8.94,3.322,3.2,train
2022-05-15 10:00:00,51.9,26.2,89.6,62.0,7.4,113.8,20.9,3.1,9.3,2.48,7.4,4.62,3.0,4.6,2.6,8.0,12.1,8.284,2.35,3.6,train
2022-05-15 11:00:00,51.9,28.0,96.0,58.1,7.0,116.0,21.4,3.5,8.8,2.142,7.6,4.416,4.3,4.2,3.0,7.7,13.6,9.528,3.95,3.7,train
2022-05-15 12:00:00,50.7,25.2,88.0,58.0,7.1,106.7,19.8,3.1,8.8,2.182,6.9,2.32,3.8,4.5,2.5,6.2,12.7,8.288,4.046,2.9,train
2022-05-15 13:00:00,46.9,23.4,82.6,49.0,6.2,96.7,16.9,2.8,7.7,2.562,6.3,3.564,4.2,3.2,2.2,6.2,10.6,7.92,3.218,3.0,train
2022-05-15 14:00:00,35.6,16.5,71.9,31.2,5.5,76.3,12.3,1.9,6.3,1.792,4.2,2.096,3.8,2.9,1.7,4.1,9.1,5.044,2.776,2.5,train
2022-05-15 15:00:00,33.5,14.9,67.6,30.2,4.5,74.3,11.6,2.0,5.2,1.52,4.7,1.864,3.1,2.0,1.3,3.1,7.6,5.308,1.952,2.6,train
2022-05-15 16:00:00,42.4,17.1,70.7,33.1,4.9,82.7,13.7,2.7,6.0,1.832,5.7,1.992,3.3,2.1,2.0,4.1,6.7,5.272,2.184,2.7,train
2022-05-15 17:00:00,47.0,22.4,81.1,50.7,5.4,97.5,17.2,2.6,8.0,2.788,5.9,2.424,3.8,3.2,2.5,5.4,9.1,7.344,2.872,2.8,train
2022-05-15 18:00:00,54.0,24.3,85.0,62.4,7.0,106.2,18.6,3.0,9.2,2.88,7.5,2.92,4.6,4.2,2.4,6.4,11.8,8.408,3.888,3.4,train
2022-05-15 19:00:00,63.9,30.7,100.2,76.0,8.5,128.0,24.2,3.6,10.6,4.316,9.1,5.116,5.1,5.3,3.2,8.8,14.9,10.168,4.736,3.9,train
2022-05-15 20:00:00,70.2,40.6,122.3,56.2,10.9,163.0,32.1,4.3,13.9,6.036,11.4,8.28,6.2,6.8,4.3,12.0,17.1,13.832,7.516,4.3,train
2022-05-15 21:00:00,126.0,49.6,143.0,60.2,11.8,196.6,38.9,6.3,17.9,7.388,15.4,9.432,5.3,9.4,6.3,13.1,22.0,17.416,8.656,5.6,train
2022-05-15 22:00:00,68.0,39.5,124.8,56.2,10.0,153.0,32.2,4.5,14.7,7.412,13.0,8.064,5.5,8.5,4.2,11.4,21.2,13.928,6.852,5.1,train
2022-05-15 23:00:00,50.0,29.4,89.9,66.7,7.2,100.4,21.6,3.2,9.9,3.584,7.4,4.344,4.6,5.6,3.0,7.9,13.5,10.808,3.904,3.5,train
2022-05-16 00:00:00,30.6,13.9,59.3,65.6,3.1,57.8,10.8,1.4,5.2,1.932,5.1,2.032,2.4,2.3,1.4,5.0,7.3,5.816,2.202,1.9,train
2022-05-16 01:00:00,21.8,7.4,38.4,57.4,1.9,36.8,4.5,0.4,2.3,0.726,2.7,1.656,1.5,1.5,1.1,1.8,2.7,3.171,0.887,0.4,train
2022-05-16 02:00:00,16.1,4.1,32.2,36.5,1.1,27.0,2.6,0.4,1.2,0.297,1.1,0.422,1.2,0.6,0.3,1.0,1.4,2.274,0.385,0.3,train
2022-05-16 03:00:00,13.5,3.3,30.4,14.1,0.9,24.4,1.8,0.4,1.6,0.056,0.9,0.276,0.7,0.3,0.2,1.1,0.9,1.203,0.334,0.3,train
2022-05-16 04:00:00,12.5,3.5,29.2,12.4,1.0,23.6,1.8,0.2,1.6,0.085,1.0,0.248,0.5,0.4,0.3,0.6,1.1,0.699,0.3,0.2,train
2022-05-16 05:00:00,16.0,4.0,31.0,17.1,1.4,28.7,3.0,0.5,2.6,0.133,0.9,0.92,1.0,0.4,0.2,1.2,1.7,1.098,0.401,0.7,train
2022-05-16 06:00:00,39.0,16.0,59.0,42.4,4.5,74.7,13.1,2.2,7.5,1.248,3.8,1.555,2.0,2.8,2.2,3.8,6.7,4.256,1.115,1.9,train
2022-05-16 07:00:00,50.4,27.3,83.8,59.5,7.6,117.8,21.8,3.6,10.2,3.154,6.5,2.588,3.2,4.2,2.8,6.2,11.7,8.696,2.448,2.7,train
2022-05-16 08:00:00,48.6,25.5,85.8,57.1,5.9,111.2,18.4,2.3,7.6,3.622,6.0,4.656,2.8,4.2,2.2,5.4,11.5,8.616,3.776,2.7,train
2022-05-16 09:00:00,43.8,22.7,81.0,48.9,5.8,96.3,13.2,1.6,6.0,3.388,5.2,5.032,2.2,2.8,1.6,4.1,8.9,5.968,2.434,3.4,train
2022-05-16 10:00:00,42.2,18.9,69.3,43.5,5.4,83.7,12.6,2.0,4.5,2.48,4.5,4.62,2.5,3.4,1.4,4.7,7.5,5.524,2.302,3.2,train
2022-05-16 11:00:00,41.3,18.5,68.1,41.9,5.5,86.3,12.5,1.7,5.8,2.142,4.6,4.416,3.0,2.8,1.4,3.8,7.2,5.596,2.432,3.3,train
2022-05-16 12:00:00,39.5,17.6,72.6,44.0,4.9,88.7,12.3,1.9,6.2,2.182,5.3,2.32,3.1,2.4,1.9,4.4,7.5,5.056,4.046,3.2,train
2022-05-16 13:00:00,32.9,14.2,62.0,35.2,3.7,70.6,8.7,1.2,4.7,2.562,4.5,3.564,2.4,1.6,1.5,3.2,5.3,4.052,3.218,2.2,train
2022-05-16 14:00:00,27.6,10.9,51.9,19.0,2.6,56.7,6.5,1.1,3.0,1.792,2.2,2.096,1.8,1.1,0.6,2.4,3.7,5.044,2.776,2.1,train
2022-05-16 15:00:00,23.0,10.6,60.1,21.0,2.7,59.5,6.5,1.3,3.3,1.52,2.1,1.864,2.2,1.1,1.0,2.0,4.2,5.308,1.882,1.9,train
2022-05-16 16:00:00,26.7,12.1,61.0,24.1,2.8,68.5,6.0,1.2,3.6,1.832,3.0,1.992,2.1,1.5,1.4,2.4,5.1,5.272,2.184,2.0,train
2022-05-16 17:00:00,41.0,19.2,72.7,40.2,4.9,87.5,10.5,1.7,5.9,2.788,4.2,2.424,2.4,2.1,1.4,3.7,6.3,5.208,2.872,2.3,train
2022-05-16 18:00:00,47.8,22.0,82.0,52.6,6.1,94.5,15.5,2.6,7.1,2.88,6.3,2.92,3.2,3.7,1.9,4.8,10.0,8.408,3.888,2.4,train
2022-05-16 19:00:00,56.7,27.8,94.6,69.2,7.7,114.7,20.7,2.7,8.9,3.068,7.7,5.116,4.0,3.2,2.8,7.5,10.9,10.168,4.736,3.3,train
2022-05-16 20:00:00,68.8,35.9,112.1,65.6,9.1,140.0,26.4,4.4,11.2,4.638,9.0,8.28,5.1,5.2,2.9,9.2,16.3,13.832,7.516,3.5,train
2022-05-16 21:00:00,71.0,49.4,135.3,87.2,12.1,192.6,37.1,5.9,16.6,6.836,14.4,9.432,6.8,9.9,5.0,13.9,23.5,17.416,7.644,5.6,train
2022-05-16 22:00:00,70.0,44.6,137.0,83.4,10.8,172.7,39.1,5.7,16.3,6.886,13.7,8.064,7.1,7.8,4.9,12.7,21.0,13.928,7.84,5.0,train
2022-05-16 23:00:00,56.4,31.9,102.9,87.8,7.9,108.7,24.9,3.3,10.2,5.38,8.7,4.344,5.0,5.9,3.4,9.1,14.8,10.808,5.206,3.2,train
2022-05-17 00:00:00,34.4,14.8,62.0,54.7,4.3,63.0,11.8,1.2,5.2,1.932,5.7,2.032,2.2,2.6,1.8,4.5,8.2,5.816,2.344,1.8,train
2022-05-17 01:00:00,22.2,6.5,39.8,20.9,1.8,37.0,5.4,0.5,2.1,0.726,2.2,1.436,1.2,1.1,0.9,1.8,2.8,3.171,0.854,0.9,train
2022-05-17 02:00:00,16.6,4.6,32.5,15.4,1.2,28.0,2.3,0.2,1.2,0.297,1.4,0.422,0.7,0.3,0.1,0.8,1.3,2.274,0.385,0.4,train
2022-05-17 03:00:00,14.8,2.6,30.9,13.2,1.1,25.0,1.9,0.2,1.3,0.154,0.7,0.276,0.9,0.3,0.4,0.8,0.9,1.203,0.334,0.2,train
2022-05-17 04:00:00,15.4,2.7,30.5,13.1,1.1,24.8,1.5,0.2,1.5,0.13,0.7,0.248,0.6,0.3,0.1,0.6,0.6,0.699,0.3,0.0,train
2022-05-17 05:00:00,21.6,4.7,32.5,17.3,1.9,31.8,2.2,0.7,2.1,0.243,1.0,0.92,1.0,0.5,0.8,1.2,2.0,1.312,0.401,0.9,train
2022-05-17 06:00:00,37.4,16.2,62.6,45.7,5.4,80.4,13.5,2.0,7.7,2.022,4.2,1.555,2.5,2.8,2.1,4.6,7.2,4.256,1.115,2.0,train
2022-05-17 07:00:00,56.4,28.6,96.3,67.4,10.0,128.8,24.1,4.4,11.6,4.058,8.5,5.808,3.6,4.8,4.0,8.0,13.6,8.696,5.548,3.9,train
2022-05-17 08:00:00,51.9,29.3,100.6,63.7,4.0,125.2,21.0,3.4,9.4,4.584,8.3,5.98,3.3,4.7,3.4,5.8,13.8,8.616,4.532,3.0,train
2022-05-17 09:00:00,49.5,24.6,94.7,55.9,16.9,114.6,18.1,2.1,7.4,3.43,7.4,3.844,3.6,4.4,1.5,5.6,10.4,7.24,3.612,3.9,train
2022-05-17 10:00:00,45.8,20.1,80.6,72.7,18.5,100.0,14.6,2.4,7.2,2.814,5.8,3.024,4.0,2.8,1.4,4.9,8.2,6.736,3.59,3.5,train
2022-05-17 11:00:00,45.3,19.9,81.8,48.6,9.5,89.2,14.0,1.8,6.2,1.964,5.3,3.344,3.2,3.6,1.8,4.9,8.8,7.172,2.902,3.0,train
2022-05-17 12:00:00,44.5,19.3,76.3,48.4,5.0,89.8,13.6,2.0,5.9,1.86,4.9,2.748,3.4,2.8,1.7,4.4,8.5,5.732,2.3,2.8,train
2022-05-17 13:00:00,33.5,15.2,63.7,58.7,4.1,73.4,9.9,1.6,4.5,1.08,4.5,2.724,3.0,2.3,1.2,3.6,6.3,3.768,1.756,2.5,train
2022-05-17 14:00:00,30.0,11.3,55.4,30.7,3.3,59.6,6.5,1.0,3.9,0.668,2.6,1.372,2.8,1.3,0.9,2.6,3.6,2.776,1.169,1.8,train
2022-05-17 15:00:00,26.9,11.3,161.1,21.4,2.8,65.0,6.1,0.8,3.8,0.69,2.3,1.336,3.2,1.4,1.0,2.1,4.4,2.812,1.18,1.9,train
2022-05-17 16:00:00,30.1,12.6,145.5,24.2,2.8,70.7,6.7,1.2,4.1,1.165,3.6,1.9,2.0,1.6,1.2,2.8,4.4,3.074,1.528,2.4,train
2022-05-17 17:00:00,39.7,16.8,70.5,38.7,3.9,81.3,10.2,1.3,5.3,1.512,4.3,1.896,2.3,2.4,1.2,3.3,7.3,4.12,2.138,2.6,train
2022-05-17 18:00:00,48.2,22.3,79.5,55.3,5.7,98.4,16.2,2.3,7.5,2.442,5.8,3.276,3.2,3.4,2.0,5.1,10.7,6.616,2.744,2.6,train
2022-05-17 19:00:00,56.1,26.7,90.8,68.6,7.0,116.6,20.2,2.6,9.8,3.384,7.1,4.356,4.4,3.7,2.3,7.3,11.9,8.608,4.524,3.4,train
2022-05-17 20:00:00,67.5,37.2,108.7,63.2,9.0,142.7,27.5,4.0,12.6,3.906,9.7,5.596,5.1,6.6,4.0,9.5,15.8,10.768,6.344,3.9,train
2022-05-17 21:00:00,131.4,49.9,140.9,87.1,12.0,200.7,40.5,5.4,19.3,8.8,14.8,8.676,6.6,9.8,5.2,13.2,23.9,16.672,8.204,6.2,train
2022-05-17 22:00:00,67.8,47.4,138.5,84.9,13.1,182.0,38.6,5.5,16.9,7.932,14.0,11.244,7.8,9.1,5.3,13.4,24.8,18.672,9.55,5.3,train
2022-05-17 23:00:00,56.4,35.2,106.9,91.8,7.6,115.0,27.0,4.1,11.1,6.492,10.6,6.616,5.5,6.3,3.4,8.7,15.9,11.412,5.188,4.2,train
2022-05-18 00:00:00,33.6,17.3,65.2,64.4,4.4,62.6,12.5,2.1,4.9,2.436,5.5,3.16,2.7,3.1,1.5,4.6,7.7,5.648,2.366,1.7,train
2022-05-18 01:00:00,22.0,8.0,38.9,21.8,1.9,38.4,4.9,0.8,2.1,1.193,2.8,1.74,1.3,1.5,1.0,2.4,2.6,3.696,1.015,1.1,train
2022-05-18 02:00:00,16.1,4.5,32.4,16.2,0.8,29.3,2.4,0.6,1.5,0.297,1.3,0.484,0.7,0.3,0.6,1.5,2.0,2.274,0.567,0.3,train
2022-05-18 03:00:00,13.1,3.1,28.6,12.9,0.8,26.0,1.5,0.3,1.2,0.154,0.8,0.539,0.7,0.3,0.2,0.6,0.8,1.203,0.352,0.1,train
2022-05-18 04:00:00,11.6,2.5,26.9,12.4,0.9,23.7,1.5,0.3,1.3,0.13,0.5,0.334,0.6,0.2,0.1,0.6,1.0,0.699,0.215,0.1,train
2022-05-18 05:00:00,16.6,5.2,32.8,18.3,1.5,32.8,2.6,0.9,2.2,0.243,1.1,0.534,0.8,0.6,0.7,1.3,2.3,1.312,0.591,0.9,train
2022-05-18 06:00:00,42.6,18.2,67.4,50.3,5.5,85.0,14.5,2.9,8.7,2.022,4.6,1.555,2.5,2.9,2.6,5.1,8.0,4.256,1.115,2.4,train
2022-05-18 07:00:00,59.4,30.0,98.9,70.8,9.8,137.0,24.9,4.2,12.1,4.058,7.8,5.808,4.5,5.8,3.5,7.0,15.0,8.696,5.548,4.3,train
2022-05-18 08:00:00,57.0,27.5,97.6,66.1,8.8,131.0,22.0,2.7,10.2,4.584,7.4,5.98,4.2,4.6,3.5,6.1,14.2,8.616,4.532,4.1,train
2022-05-18 09:00:00,51.4,26.9,94.9,52.8,6.9,109.5,17.9,2.7,7.8,3.43,6.0,3.844,6.1,3.8,2.2,6.5,17.5,7.24,3.612,4.2,train
2022-05-18 10:00:00,44.9,22.4,79.9,48.1,6.5,98.0,15.1,2.2,7.2,2.814,6.1,3.024,2.8,2.6,2.0,4.6,30.0,6.736,3.59,3.1,train
2022-05-18 11:00:00,44.5,20.0,74.0,44.1,5.6,98.5,14.3,1.6,5.6,1.964,5.8,3.344,3.2,2.9,1.7,5.1,8.6,6.208,2.902,2.9,train
2022-05-18 12:00:00,40.1,18.9,73.9,45.2,5.4,95.2,12.4,1.9,5.3,1.86,5.3,2.748,3.2,2.7,1.6,4.5,8.2,5.908,2.3,2.9,train
2022-05-18 13:00:00,34.3,15.5,62.8,35.8,4.2,74.8,9.1,1.2,3.9,1.08,3.7,2.724,2.1,1.8,1.7,3.1,6.0,4.748,1.756,2.8,train
2022-05-18 14:00:00,27.6,11.7,52.4,19.4,2.8,98.2,7.5,0.7,3.2,0.668,2.5,1.372,2.3,1.2,0.9,2.5,4.9,2.688,1.169,1.8,train
2022-05-18 15:00:00,31.8,10.4,56.5,25.6,2.8,99.6,7.3,0.8,3.4,0.69,2.6,1.336,2.1,1.2,1.0,2.5,3.8,2.872,1.18,1.5,train
2022-05-18 16:00:00,31.8,11.8,60.1,26.0,2.7,67.4,7.3,1.1,3.7,1.165,2.9,1.9,1.5,1.4,0.7,2.4,4.6,3.074,1.528,1.4,train
2022-05-18 17:00:00,40.8,16.5,69.5,50.4,4.1,84.6,12.6,1.6,5.2,1.512,4.4,2.176,2.2,2.1,1.3,3.2,6.7,4.12,2.022,2.5,train
2022-05-18 18:00:00,47.5,21.4,77.1,58.0,5.9,93.7,15.1,2.5,7.7,2.442,5.7,2.876,3.2,3.4,1.9,5.3,10.0,6.616,2.68,3.1,train
2022-05-18 19:00:00,55.5,26.9,89.2,67.6,7.2,110.5,21.7,2.9,9.8,2.748,7.0,4.312,3.8,3.5,2.3,7.2,11.0,8.608,4.122,3.3,train
2022-05-18 20:00:00,66.2,34.8,107.0,63.0,9.2,140.5,29.0,3.5,11.0,3.906,10.7,5.376,5.1,5.2,3.4,9.0,16.1,10.768,6.032,3.1,train
2022-05-18 21:00:00,104.9,49.8,140.7,87.0,11.5,196.7,40.6,6.1,17.0,8.8,14.4,9.584,6.5,9.6,5.0,14.2,23.7,16.672,8.182,5.5,train
2022-05-18 22:00:00,70.3,48.6,141.8,85.0,11.8,176.0,35.7,5.6,18.3,7.932,13.3,11.244,7.0,8.6,5.7,13.1,23.3,18.672,9.55,5.6,train
2022-05-18 23:00:00,57.3,31.9,100.7,90.0,7.4,114.8,25.1,4.3,10.7,6.492,10.2,6.616,4.6,6.0,4.0,9.6,14.8,11.412,5.188,4.0,train
2022-05-19 00:00:00,35.5,16.6,62.2,61.4,4.1,65.2,10.6,1.4,5.2,2.436,4.9,3.16,2.4,3.4,1.9,4.9,8.7,5.648,2.366,2.2,train
2022-05-19 01:00:00,25.5,7.5,40.1,22.5,2.3,37.0,5.2,0.5,2.0,1.193,2.3,1.035,1.5,1.2,0.7,2.1,2.9,3.696,1.015,0.9,train
2022-05-19 02:00:00,19.4,4.4,32.2,17.0,1.3,28.6,2.5,0.2,1.2,0.297,1.4,0.484,0.9,0.5,0.6,1.3,1.8,2.274,0.567,0.3,train
2022-05-19 03:00:00,17.7,2.8,28.5,14.6,1.0,25.2,1.9,0.4,1.1,0.101,1.0,0.539,0.8,0.3,0.1,0.8,0.9,1.2,0.352,0.3,train
2022-05-19 04:00:00,15.9,2.5,28.3,13.9,0.8,23.8,1.4,0.4,1.3,0.13,1.0,0.334,0.5,0.2,0.1,0.7,0.7,0.63,0.215,0.3,train
2022-05-19 05:00:00,21.8,5.4,31.7,18.7,1.6,33.4,2.4,0.6,1.9,0.243,1.2,0.534,0.7,0.6,0.3,1.1,2.0,1.312,0.591,1.1,train
2022-05-19 06:00:00,40.2,17.8,60.8,47.0,5.3,80.0,14.0,2.3,8.0,2.022,4.6,1.555,2.6,2.9,2.4,4.5,8.1,4.544,1.115,1.8,train
2022-05-19 07:00:00,56.7,29.7,94.1,68.4,9.7,128.0,23.4,4.3,11.7,4.604,7.5,5.964,3.1,4.6,3.6,7.8,13.3,9.648,4.89,3.9,train
2022-05-19 08:00:00,57.6,27.3,96.5,62.6,7.2,120.3,21.6,3.0,9.4,4.692,6.3,5.168,2.9,4.0,2.8,5.4,13.7,9.232,4.578,4.0,train
2022-05-19 09:00:00,51.8,22.7,92.6,54.9,5.9,93.0,15.2,2.6,7.4,2.824,5.3,3.044,2.8,3.4,2.2,5.1,11.7,7.448,4.078,3.9,train
2022-05-19 10:00:00,42.4,20.7,80.5,47.0,6.1,93.5,14.2,2.1,6.7,2.356,5.7,2.564,3.0,3.3,1.1,4.4,8.9,5.624,2.656,3.0,train
2022-05-19 11:00:00,42.8,18.9,75.8,42.0,5.2,91.0,12.5,2.0,6.5,2.328,5.4,2.316,2.9,2.6,1.9,5.2,7.7,5.088,2.72,2.4,train
2022-05-19 12:00:00,41.8,19.5,73.5,44.8,5.3,93.5,12.9,2.0,5.6,1.864,4.6,2.96,2.6,2.9,1.6,4.2,8.0,5.484,2.6,3.4,train
2022-05-19 13:00:00,35.6,15.8,63.4,36.2,4.2,68.5,9.0,1.5,4.0,1.538,3.4,2.42,2.9,1.8,1.5,3.4,6.1,3.972,1.931,2.3,train
2022-05-19 14:00:00,29.8,12.9,55.2,20.0,3.1,57.8,7.0,0.9,2.9,1.504,3.0,1.536,1.9,1.2,0.9,2.9,4.1,2.664,1.628,1.6,train
2022-05-19 15:00:00,32.0,16.8,57.4,20.6,2.9,62.2,6.5,1.1,2.9,0.681,3.1,1.548,1.8,1.2,0.8,2.5,4.4,2.405,1.386,8.0,train
2022-05-19 16:00:00,34.8,13.8,61.5,24.9,3.3,71.5,7.9,1.6,3.6,0.859,3.1,1.16,2.1,1.1,1.1,2.1,4.4,3.44,1.682,10.1,train
2022-05-19 17:00:00,40.0,17.6,70.9,38.9,3.8,84.5,11.4,3.3,4.7,1.538,3.9,1.796,2.5,2.0,1.6,3.6,6.5,4.216,2.26,10.4,train
2022-05-19 18:00:00,48.4,23.4,80.4,55.2,5.7,102.2,16.0,4.5,6.8,2.576,6.2,2.868,3.4,2.8,2.1,5.6,9.4,6.6,3.57,10.5,train
2022-05-19 19:00:00,57.4,26.2,86.9,68.3,7.2,113.8,20.8,5.0,8.7,3.178,7.0,3.712,4.4,4.0,2.3,7.2,11.2,8.432,4.77,4.9,train
2022-05-19 20:00:00,67.0,36.7,106.3,63.5,8.6,145.0,26.1,5.8,11.3,4.76,9.1,5.68,4.5,5.2,3.6,9.3,16.2,11.516,9.224,2.9,train
2022-05-19 21:00:00,71.3,51.6,138.8,88.1,13.5,196.0,39.3,7.8,17.9,7.314,12.9,8.26,6.7,9.2,5.4,13.9,22.4,16.852,13.962,5.7,train
2022-05-19 22:00:00,109.6,45.7,143.0,85.5,10.6,177.0,36.0,7.6,16.6,8.432,15.2,10.124,7.1,8.8,4.8,14.7,23.6,17.72,10.998,5.8,train
2022-05-19 23:00:00,67.4,31.2,105.8,90.4,7.5,117.8,27.7,6.1,10.8,4.854,10.5,5.6,5.0,6.3,2.8,9.7,15.9,12.228,2.566,4.0,train
2022-05-20 00:00:00,31.9,16.5,64.6,56.4,4.6,62.7,13.2,3.0,4.2,2.436,4.9,3.468,3.3,3.4,2.5,4.5,8.7,6.472,0.859,1.8,train
2022-05-20 01:00:00,21.2,8.8,40.4,21.2,2.1,38.7,3.9,2.7,1.6,1.193,2.3,1.868,1.2,1.2,0.6,2.4,2.9,2.804,0.512,1.2,train
2022-05-20 02:00:00,15.5,4.0,32.4,16.6,1.1,27.0,2.5,2.7,1.1,0.297,1.4,0.452,1.1,0.5,0.3,1.3,1.8,1.459,0.297,0.7,train
2022-05-20 03:00:00,12.5,3.0,29.0,13.9,0.8,24.0,2.0,2.5,1.4,0.101,1.0,0.39,0.6,0.3,0.1,0.8,0.9,1.135,0.126,0.5,train
2022-05-20 04:00:00,12.5,2.5,30.0,14.1,1.0,23.8,1.9,2.4,0.9,0.13,0.6,0.447,0.4,0.3,0.1,0.6,0.7,0.629,0.198,0.7,train
2022-05-20 05:00:00,16.7,5.0,32.2,18.4,1.8,31.8,3.1,2.9,1.6,0.217,1.1,0.576,0.8,0.6,0.9,1.2,2.0,1.263,0.504,1.2,train
2022-05-20 06:00:00,41.7,17.8,61.9,49.9,5.0,81.0,14.4,4.3,7.5,1.904,4.7,3.088,2.1,2.7,2.2,4.9,8.1,4.296,2.204,2.3,train
2022-05-20 07:00:00,57.7,30.3,97.0,70.3,9.7,133.4,25.9,5.4,11.4,4.578,8.1,6.432,3.4,4.7,3.9,8.1,15.4,11.216,3.604,4.1,train
2022-05-20 08:00:00,54.3,28.7,99.5,67.2,8.4,126.0,21.3,3.0,8.8,4.122,7.5,5.196,3.2,4.2,2.7,6.9,12.8,9.544,2.494,3.8,train
2022-05-20 09:00:00,50.1,23.0,92.8,54.5,8.2,111.3,15.8,2.7,6.7,4.882,6.4,4.036,3.0,3.3,2.3,5.5,10.0,9.076,2.406,3.5,train
2022-05-20 10:00:00,46.6,21.5,80.8,46.7,4.8,96.5,14.4,2.1,6.5,3.274,5.1,2.776,2.8,3.2,2.0,5.0,7.4,6.412,2.274,2.9,train
2022-05-20 11:00:00,46.4,19.9,76.5,43.9,5.6,96.2,13.7,2.0,5.7,2.096,5.9,3.016,3.3,2.9,2.3,5.0,8.7,6.588,2.088,2.5,train
2022-05-20 12:00:00,42.4,18.6,74.7,44.5,5.6,90.8,13.9,1.9,5.6,2.104,5.5,2.78,2.7,2.3,2.2,4.9,7.7,5.944,2.268,2.6,train
2022-05-20 13:00:00,35.9,15.7,62.6,37.4,4.0,71.0,10.5,1.2,4.6,1.304,4.8,2.552,2.7,1.8,1.6,4.7,5.9,4.1,1.348,2.4,train
2022-05-20 14:00:00,32.0,11.8,55.4,20.4,2.4,60.0,7.2,1.2,3.7,1.104,2.7,1.604,2.4,1.2,1.1,2.6,4.4,3.424,1.492,1.7,train
2022-05-20 15:00:00,30.2,12.5,58.6,22.1,2.8,67.5,6.6,0.7,4.2,1.079,3.0,1.352,3.0,1.2,1.1,1.6,4.0,3.392,1.4,1.3,train
2022-05-20 16:00:00,32.1,13.2,65.8,35.1,2.9,77.5,9.6,0.9,4.2,1.08,3.2,1.444,2.7,1.2,1.2,2.5,4.6,4.216,1.824,1.9,train
2022-05-20 17:00:00,40.7,17.7,77.3,43.4,5.0,96.0,13.1,1.8,6.2,1.924,4.6,2.388,2.8,2.4,1.8,3.8,7.1,5.332,2.112,2.2,train
2022-05-20 18:00:00,49.2,22.3,82.1,56.8,6.2,106.2,18.0,2.6,7.2,2.752,6.4,3.172,3.9,3.1,1.9,5.3,9.3,6.888,2.71,2.6,train
2022-05-20 19:00:00,57.1,26.4,91.6,63.7,6.3,115.3,21.3,2.9,8.6,3.24,6.8,3.744,4.3,3.5,2.0,6.7,10.6,8.492,3.47,3.0,train
2022-05-20 20:00:00,61.6,31.1,101.2,62.5,8.0,127.3,23.9,2.9,10.0,3.916,7.8,4.76,4.3,4.8,3.4,9.5,12.7,10.136,4.94,3.1,train
2022-05-20 21:00:00,70.7,45.0,127.0,84.1,11.8,177.4,35.8,4.5,15.3,5.768,14.1,8.136,5.0,7.7,4.3,11.7,19.5,14.08,7.208,4.4,train
2022-05-20 22:00:00,69.7,49.5,145.2,88.1,12.5,189.6,36.7,6.2,18.3,8.338,13.9,9.308,5.9,9.0,4.9,12.0,22.1,16.232,7.73,5.5,train
2022-05-20 23:00:00,61.8,38.9,119.8,102.3,8.6,138.4,29.9,4.5,12.7,6.622,11.3,7.912,5.7,7.5,3.7,10.6,17.5,12.916,6.68,4.5,train
2022-05-21 00:00:00,42.4,20.9,75.8,74.5,5.7,85.8,17.1,2.2,6.5,3.298,5.6,3.468,3.8,4.2,2.3,6.3,10.2,6.472,0.859,2.5,train
2022-05-21 01:00:00,28.2,11.0,50.8,27.6,2.9,52.2,8.1,0.6,2.2,1.335,3.7,1.868,2.3,1.4,0.9,3.4,5.8,2.804,0.512,1.9,train
2022-05-21 02:00:00,20.9,6.4,37.4,18.5,1.8,36.6,4.1,0.4,1.2,0.591,1.3,0.452,0.8,0.5,0.8,2.7,2.6,1.459,0.297,1.0,train
2022-05-21 03:00:00,17.9,4.4,31.0,14.3,0.8,30.4,2.9,0.3,1.2,0.227,1.6,0.39,0.7,0.3,0.5,1.2,1.3,1.135,0.126,0.4,train
2022-05-21 04:00:00,16.6,3.4,30.7,14.2,0.9,28.3,3.0,0.3,0.9,0.226,1.1,0.447,0.9,0.3,0.3,0.8,1.1,0.629,0.198,0.3,train
2022-05-21 05:00:00,18.6,4.7,33.4,17.5,1.3,35.5,3.4,0.4,1.9,0.276,1.2,0.576,1.0,0.8,0.3,1.3,2.3,1.263,0.504,0.5,train
2022-05-21 06:00:00,29.9,12.8,56.0,31.7,3.4,66.2,10.4,1.9,5.5,1.872,3.5,3.088,2.0,1.6,2.0,2.7,6.2,4.296,2.204,2.0,train
2022-05-21 07:00:00,33.7,23.1,82.9,53.9,7.1,105.6,21.9,3.2,9.1,3.552,6.3,6.432,2.5,3.1,2.1,6.3,10.6,11.216,3.344,2.6,train
2022-05-21 08:00:00,76.2,29.6,96.7,67.0,9.4,130.0,27.6,4.1,11.7,4.306,8.2,5.196,3.3,5.1,3.6,8.4,15.1,9.544,5.7,3.9,train
2022-05-21 09:00:00,51.8,32.3,103.5,69.8,10.0,137.7,23.6,3.8,12.0,4.916,9.0,4.036,4.0,5.8,3.3,7.8,14.7,10.64,5.256,3.8,train
2022-05-21 10:00:00,50.3,31.7,100.5,63.2,8.3,125.7,21.0,3.5,8.8,3.274,7.6,2.776,5.1,4.7,2.3,8.2,13.2,6.412,4.228,3.6,train
2022-05-21 11:00:00,84.1,27.6,97.7,59.8,8.9,114.6,21.8,3.6,8.8,2.096,7.2,3.016,4.7,5.4,2.2,7.9,15.1,6.588,4.304,3.8,train
2022-05-21 12:00:00,47.8,24.1,91.8,54.2,7.2,102.2,20.3,3.6,8.0,2.104,7.1,2.78,4.5,4.4,2.7,7.1,12.8,5.944,3.99,3.4,train
2022-05-21 13:00:00,47.2,20.3,83.3,48.4,6.7,96.5,15.5,2.2,8.3,3.19,6.1,2.552,4.2,3.1,2.0,5.9,9.5,7.98,4.0,3.2,train
2022-05-21 14:00:00,35.9,14.6,67.6,28.4,5.2,97.0,11.3,1.9,5.4,1.104,4.2,1.604,3.1,2.3,1.7,4.3,7.7,5.244,3.376,2.1,train
2022-05-21 15:00:00,46.6,12.7,64.4,27.0,4.3,107.3,12.4,1.5,4.7,1.079,3.7,2.06,2.7,1.9,1.7,3.2,6.4,4.324,2.004,1.8,train
2022-05-21 16:00:00,34.9,14.2,71.0,32.3,5.1,78.7,13.9,1.4,5.4,1.08,4.9,1.444,2.9,2.3,1.6,3.8,7.8,5.432,2.346,2.3,train
2022-05-21 17:00:00,41.4,19.3,80.2,47.9,5.6,97.0,17.8,2.0,6.8,1.924,6.1,2.388,3.3,2.4,1.9,5.3,9.3,7.864,3.266,2.5,train
2022-05-21 18:00:00,48.1,22.0,87.3,57.4,6.7,103.3,19.8,2.7,8.1,2.752,7.0,3.172,4.0,4.2,2.4,6.4,11.4,7.532,2.9,2.3,train
2022-05-21 19:00:00,57.3,25.3,94.2,62.7,6.6,114.4,23.7,2.9,8.7,3.492,7.3,4.312,3.9,4.5,2.8,6.9,11.9,7.912,3.83,2.7,train
2022-05-21 20:00:00,64.2,31.8,99.6,58.6,8.3,129.3,25.7,3.4,11.1,4.06,8.4,4.496,4.8,5.2,2.8,9.6,16.5,10.604,4.474,3.1,train
2022-05-21 21:00:00,68.8,44.9,133.3,83.7,12.2,178.7,36.4,5.0,16.6,7.904,11.3,6.928,4.9,7.8,4.2,10.9,21.2,14.716,7.91,4.3,train
2022-05-21 22:00:00,68.2,48.2,134.0,81.5,11.7,170.3,37.3,5.5,18.3,7.24,12.5,8.56,6.3,8.1,4.1,11.7,20.0,15.048,7.474,4.7,train
2022-05-21 23:00:00,61.1,36.6,107.0,97.9,9.2,124.5,27.4,3.8,12.4,4.236,11.9,5.52,5.3,5.8,3.4,9.9,17.3,12.708,5.598,3.6,train
2022-05-22 00:00:00,38.4,18.4,73.6,56.6,4.6,75.2,14.9,2.0,5.1,3.298,6.7,3.72,3.3,3.3,2.7,5.7,9.0,8.152,0.859,2.9,train
2022-05-22 01:00:00,24.5,10.7,46.8,26.1,2.3,44.0,6.7,0.9,2.2,1.335,3.2,1.928,1.5,1.9,1.0,3.6,5.4,3.484,0.512,0.9,train
2022-05-22 02:00:00,18.8,5.8,37.3,18.5,1.5,32.6,3.8,0.5,1.2,0.591,1.5,1.008,0.8,1.1,0.9,1.6,3.4,1.294,0.297,0.8,train
2022-05-22 03:00:00,16.0,3.7,32.0,14.0,1.3,27.4,2.6,0.3,1.2,0.227,1.0,0.467,0.8,0.3,0.1,1.0,2.3,0.793,0.359,0.6,train
2022-05-22 04:00:00,16.6,3.3,30.7,13.3,1.1,25.8,2.0,0.3,0.8,0.226,0.5,0.309,0.9,0.3,0.1,0.7,1.6,0.724,0.277,0.3,train
2022-05-22 05:00:00,19.5,4.5,32.5,15.6,1.5,31.2,2.4,0.4,1.6,0.276,1.1,0.465,0.8,0.5,0.5,1.0,2.8,1.469,0.521,1.1,train
2022-05-22 06:00:00,30.3,11.6,50.7,30.8,3.5,56.0,8.2,1.3,4.8,1.872,2.6,3.088,1.7,1.9,1.4,3.0,5.5,4.296,2.204,1.6,train
2022-05-22 07:00:00,40.8,19.5,73.3,47.6,5.8,89.8,14.9,2.4,7.9,2.37,4.7,6.432,3.0,2.8,2.2,5.2,9.9,11.216,3.344,2.3,train
2022-05-22 08:00:00,51.1,27.2,90.7,65.5,9.1,121.0,22.7,3.4,11.2,3.626,7.1,5.196,3.8,4.5,3.6,6.1,14.2,9.544,5.7,2.9,train
2022-05-22 09:00:00,55.3,31.0,101.7,66.5,8.5,132.0,23.8,4.4,11.2,3.938,8.2,5.268,3.7,5.6,3.4,7.6,14.6,11.732,5.256,3.5,train
2022-05-22 10:00:00,53.0,30.5,96.2,60.1,9.0,120.2,22.1,3.4,10.7,3.93,8.1,4.12,4.7,4.2,2.4,8.4,12.4,6.412,4.228,3.5,train
2022-05-22 11:00:00,52.2,26.0,93.1,57.4,8.1,116.3,22.2,3.4,9.2,4.146,7.4,3.952,4.5,5.2,3.2,7.1,13.1,6.588,4.304,3.7,train
2022-05-22 12:00:00,49.8,23.0,88.0,53.9,7.2,110.0,20.1,3.3,8.5,2.104,6.7,4.332,3.8,4.2,2.7,6.7,13.3,5.944,3.99,3.1,train
2022-05-22 13:00:00,42.7,21.0,78.8,47.8,6.5,93.0,16.0,2.5,7.7,3.19,6.1,3.328,3.8,3.2,2.8,5.4,11.0,8.432,4.0,2.7,train
2022-05-22 14:00:00,34.8,15.2,67.0,28.4,4.7,76.0,12.4,2.0,5.5,1.104,4.5,2.896,3.5,2.8,1.7,4.6,9.4,7.18,3.376,2.7,train
2022-05-22 15:00:00,33.9,17.4,68.5,29.6,4.7,76.5,13.1,2.1,4.9,1.079,5.5,2.4,2.9,2.3,1.8,3.8,8.4,5.472,2.004,3.0,train
2022-05-22 16:00:00,38.6,17.7,71.4,34.4,5.0,84.8,12.1,2.1,5.9,1.08,5.5,2.156,3.3,2.5,2.3,3.8,8.7,5.432,2.346,3.1,train
2022-05-22 17:00:00,46.1,22.7,83.3,52.5,6.4,98.2,14.9,2.4,6.9,1.924,7.5,2.788,3.7,2.9,2.3,4.8,9.9,7.864,3.266,2.8,train
2022-05-22 18:00:00,50.0,25.3,86.5,59.0,5.8,108.0,17.6,3.0,9.7,2.752,8.0,3.94,4.6,4.3,2.6,7.4,12.2,7.532,2.9,2.9,train
2022-05-22 19:00:00,56.7,26.9,92.3,70.4,8.5,122.2,21.4,3.0,8.9,3.438,7.8,4.948,4.3,4.9,3.3,8.1,11.8,9.756,5.018,3.2,train
2022-05-22 20:00:00,66.6,38.3,114.1,67.1,9.4,148.6,29.6,4.9,12.4,4.886,8.9,6.528,5.3,6.3,3.8,9.9,17.2,13.052,7.26,3.6,train
2022-05-22 21:00:00,84.7,51.7,144.5,87.5,13.3,202.7,43.8,6.8,21.4,8.042,13.3,9.864,6.8,9.9,6.2,13.3,22.9,17.912,8.248,5.8,train
2022-05-22 22:00:00,99.9,48.2,136.4,84.3,11.1,180.7,35.8,5.5,16.8,8.496,13.6,8.784,6.4,9.8,4.6,12.6,24.3,18.032,8.124,5.8,train
2022-05-22 23:00:00,51.1,31.5,96.7,91.1,6.8,103.6,24.0,3.1,8.6,4.252,9.6,4.736,4.5,5.0,3.5,9.2,15.2,10.816,5.048,3.3,train
2022-05-23 00:00:00,31.3,14.1,60.4,60.3,3.9,64.2,12.8,1.0,4.2,2.058,5.1,2.784,2.3,2.6,2.3,5.4,7.4,8.152,2.542,2.2,train
2022-05-23 01:00:00,19.7,7.0,113.2,21.3,2.3,38.5,5.0,0.5,1.6,1.08,2.3,1.776,1.7,1.0,1.3,2.3,3.0,3.484,0.809,0.8,train
2022-05-23 02:00:00,14.0,5.0,118.6,16.0,1.3,28.5,2.6,0.4,1.1,0.584,1.3,1.047,1.1,0.4,0.3,1.6,2.4,1.294,0.339,0.5,train
2022-05-23 03:00:00,11.7,3.3,28.3,13.0,1.0,26.5,2.2,0.3,1.1,0.427,0.7,0.377,0.9,0.2,0.2,0.9,1.2,0.791,0.29,0.2,train
2022-05-23 04:00:00,12.6,3.1,27.3,12.7,0.8,25.5,2.3,0.2,0.5,0.226,0.9,0.249,0.6,0.3,0.3,0.6,0.8,0.9,0.193,0.6,train
2022-05-23 05:00:00,17.7,4.8,31.5,18.4,1.5,34.8,3.2,0.6,2.0,0.276,1.2,0.424,0.9,0.6,0.4,1.1,2.2,1.249,0.467,0.8,train
2022-05-23 06:00:00,39.5,17.2,62.3,48.2,5.6,84.4,15.0,2.8,8.6,1.872,4.3,2.944,2.5,3.2,2.2,4.4,7.2,4.364,2.768,2.3,train
2022-05-23 07:00:00,53.1,27.4,92.2,64.3,9.6,126.6,24.0,4.2,10.6,4.012,7.7,5.92,3.2,4.6,3.1,7.1,13.5,9.32,5.092,3.5,train
2022-05-23 08:00:00,50.8,25.7,96.4,61.8,8.4,118.2,19.0,3.0,8.1,3.548,6.7,5.168,2.7,3.8,2.9,6.2,13.4,8.688,4.492,2.7,train
2022-05-23 09:00:00,44.6,21.5,88.4,49.7,6.4,105.5,15.9,2.2,5.8,3.052,5.0,4.624,2.3,3.4,1.5,5.1,9.7,7.564,2.744,3.0,train
2022-05-23 10:00:00,40.9,19.5,74.9,44.4,5.2,155.5,13.2,1.2,5.8,2.416,4.9,3.288,2.7,3.0,1.4,4.7,7.8,6.12,2.16,2.5,train
2022-05-23 11:00:00,39.6,19.6,73.4,45.1,5.3,80.5,13.2,1.8,5.9,2.28,6.3,3.54,2.8,3.5,1.5,4.5,7.4,6.292,2.252,3.6,train
2022-05-23 12:00:00,41.2,18.2,73.6,46.4,4.8,142.0,13.4,1.8,6.2,1.846,5.7,2.788,2.6,2.8,1.8,4.9,8.7,5.596,2.594,3.4,train
2022-05-23 13:00:00,34.4,14.7,141.4,38.0,4.0,75.7,10.4,1.3,4.1,1.099,3.9,3.416,2.6,2.3,1.2,3.0,6.4,4.684,1.628,2.4,train
2022-05-23 14:00:00,28.6,11.5,114.7,20.6,3.3,127.3,7.0,1.6,2.5,1.198,3.4,2.944,1.9,1.3,0.8,2.3,4.2,2.358,1.331,2.5,train
2022-05-23 15:00:00,28.3,11.7,58.2,21.9,2.9,92.5,8.0,1.1,2.8,0.622,2.5,2.264,2.2,1.0,1.0,2.4,4.3,2.864,1.688,1.8,train
2022-05-23 16:00:00,31.1,11.8,62.2,25.8,3.1,71.8,9.2,1.3,4.0,1.056,3.1,2.064,2.8,1.4,1.1,2.4,5.8,3.6,1.381,1.4,train
2022-05-23 17:00:00,38.8,18.5,67.2,38.1,4.4,83.2,11.2,1.4,5.2,1.918,3.4,2.736,2.9,2.5,1.2,3.4,6.0,5.32,2.408,1.9,train
2022-05-23 18:00:00,47.1,22.2,79.1,54.7,5.6,101.0,16.6,2.6,7.5,2.454,6.2,3.84,4.0,3.2,2.2,5.9,9.9,6.528,3.232,2.2,train
2022-05-23 19:00:00,55.3,26.9,92.1,67.3,7.7,117.2,20.2,3.8,9.2,3.7,7.3,4.812,4.5,4.0,2.7,8.6,12.8,8.044,4.34,2.9,train
2022-05-23 20:00:00,67.2,38.4,110.9,64.0,8.7,144.8,28.3,3.9,11.8,4.64,9.0,6.328,5.4,6.1,3.9,10.5,15.6,13.204,5.49,3.7,train
2022-05-23 21:00:00,71.0,48.5,140.6,87.0,12.9,199.0,41.7,5.4,20.1,7.55,14.3,8.696,5.8,10.2,5.1,14.3,23.4,17.768,8.834,5.8,train
2022-05-23 22:00:00,69.4,47.5,137.6,83.1,12.3,176.0,38.3,5.8,16.6,7.838,14.2,9.076,7.5,8.7,4.8,13.9,23.1,17.32,8.302,5.6,train
2022-05-23 23:00:00,55.2,30.1,99.5,88.6,6.8,112.5,26.4,3.4,8.6,4.98,10.1,5.576,4.2,6.2,2.9,8.9,14.1,11.232,4.282,2.8,train
2022-05-24 00:00:00,32.2,15.6,61.2,56.0,3.9,61.0,10.2,1.5,4.0,2.058,4.6,2.784,2.2,2.4,1.2,4.6,7.0,8.152,2.608,1.9,train
2022-05-24 01:00:00,18.8,8.1,37.7,21.3,1.7,37.3,4.5,0.7,1.5,1.08,1.8,1.776,1.4,1.5,0.9,2.8,3.3,3.484,0.892,1.0,train
2022-05-24 02:00:00,15.4,5.9,31.7,14.5,1.0,29.2,2.6,0.4,0.7,0.584,1.1,1.047,0.5,0.3,0.7,1.1,1.8,1.294,0.339,0.5,train
2022-05-24 03:00:00,15.6,4.1,29.7,11.7,1.2,25.8,2.1,0.4,1.0,0.427,0.4,0.377,1.1,0.5,0.3,0.8,1.1,0.814,0.29,0.3,train
2022-05-24 04:00:00,15.6,4.2,28.1,13.3,1.0,26.7,3.5,0.3,0.8,0.226,0.3,0.249,0.4,0.3,0.1,0.5,1.6,0.9,0.193,0.3,train
2022-05-24 05:00:00,20.3,5.3,32.6,19.2,1.5,35.7,4.7,0.6,1.8,0.276,0.8,0.424,0.7,0.5,0.2,1.4,2.1,1.249,0.467,1.0,train
2022-05-24 06:00:00,42.0,18.1,66.3,48.5,5.2,90.3,16.0,2.6,8.6,1.872,4.8,2.944,2.8,3.3,2.6,5.0,8.8,4.364,2.768,2.1,train
2022-05-24 07:00:00,55.1,29.9,93.0,65.3,9.7,131.0,24.6,4.0,11.5,4.32,8.3,5.452,3.4,5.0,3.7,7.8,15.2,9.996,5.068,3.9,train
2022-05-24 08:00:00,52.0,26.7,99.9,62.6,7.8,122.0,20.0,3.3,8.0,4.146,6.5,4.868,2.8,4.3,2.7,6.0,12.8,9.308,3.9,3.6,train
2022-05-24 09:00:00,48.8,24.0,85.1,52.8,6.2,106.5,17.3,1.6,6.5,3.208,5.4,3.352,2.8,3.7,1.9,5.1,9.7,8.232,2.79,3.4,train
2022-05-24 10:00:00,94.7,18.8,76.7,48.3,5.2,92.5,14.4,1.8,6.3,2.146,4.8,2.528,3.0,2.8,1.6,4.9,7.7,6.22,2.444,5.1,train
2022-05-24 11:00:00,42.5,19.3,73.3,46.0,4.7,93.5,12.9,1.6,5.1,2.092,5.3,2.356,2.8,2.8,2.1,5.0,7.8,5.916,2.378,10.7,train
2022-05-24 12:00:00,41.4,19.6,73.2,45.4,4.8,94.5,12.5,1.8,5.3,1.894,4.8,2.636,2.6,2.3,1.5,3.8,7.8,5.728,2.312,8.8,train
2022-05-24 13:00:00,34.5,15.3,57.0,34.1,2.8,68.7,9.5,1.3,3.7,1.31,3.2,2.18,3.1,1.9,1.1,3.3,5.8,4.064,1.936,2.1,train
2022-05-24 14:00:00,26.7,10.7,54.0,19.8,2.8,57.8,5.7,1.1,2.3,1.306,2.4,1.476,2.4,1.0,0.8,2.1,4.0,2.775,1.278,1.8,train
2022-05-24 15:00:00,27.9,10.5,57.4,48.4,3.0,72.2,6.3,0.9,2.6,1.056,2.4,1.516,4.6,0.9,0.7,2.0,3.9,2.632,1.231,1.7,train
2022-05-24 16:00:00,30.7,13.2,60.9,24.8,3.1,76.3,7.4,1.1,4.0,1.032,2.5,1.644,5.0,1.5,1.2,2.3,5.1,3.572,1.074,2.0,train
2022-05-24 17:00:00,41.6,19.3,71.5,39.6,3.7,85.7,11.0,1.5,5.4,2.052,3.6,15.752,2.6,2.2,1.0,3.8,6.5,5.212,1.916,2.4,train
2022-05-24 18:00:00,46.1,21.8,77.9,52.9,5.9,99.6,16.8,2.2,7.6,2.732,5.4,15.876,3.8,3.2,1.5,5.6,9.4,6.664,2.844,2.6,train
2022-05-24 19:00:00,56.0,27.0,94.4,67.1,6.6,118.4,21.5,2.7,9.0,3.714,6.7,14.364,4.4,4.2,2.6,8.5,11.2,9.048,4.618,3.1,train
2022-05-24 20:00:00,67.4,38.2,110.4,67.2,10.0,146.8,30.9,4.1,11.7,4.528,10.5,15.848,5.5,5.8,3.5,10.6,14.7,12.364,5.858,3.5,train
2022-05-24 21:00:00,70.3,53.7,144.9,87.1,12.7,200.2,41.4,6.0,18.4,7.32,13.9,13.9,6.8,9.5,6.1,12.7,24.7,17.284,8.914,5.2,train
2022-05-24 22:00:00,69.4,46.9,143.9,82.9,11.6,181.3,38.3,4.4,16.9,8.854,14.1,9.476,6.3,8.7,5.4,11.9,22.8,18.024,8.726,6.1,train
2022-05-24 23:00:00,53.9,32.7,102.2,87.6,7.9,116.0,22.8,3.5,8.5,5.328,8.5,6.76,5.1,6.7,3.6,10.1,14.9,10.808,5.06,3.6,train
2022-05-25 00:00:00,32.4,17.7,60.6,56.2,3.4,63.7,11.4,1.5,4.5,2.2,6.5,2.784,3.0,2.4,1.2,5.8,8.4,5.464,2.156,2.5,train
